contrast,metric,scope,n,mean_diff,ci_lo,ci_hi,p_raw,direction_consistent,family,p_adj
transformer_cl/cat - transformer/noCL,average accuracy,CICIoMT,5,0.56688,0.5343200000000001,0.5917399999999999,0.0625,True,primary,0.0625
transformer_cl/cat - transformer/noCL,average accuracy,CICIoT,5,0.2082,0.1475,0.2517,0.0625,True,primary,0.0625
transformer_cl/cat - transformer/noCL,average accuracy,TONIoT,5,0.35916,0.35738,0.36094,0.0625,True,primary,0.0625
transformer_cl/cat - transformer/noCL,average accuracy,STRATIFIED,15,0.37807999999999997,,,9.99950002499875e-05,True,primary,9.99950002499875e-05
transformer_cl/cat - transformer/noCL,clean MCC,CICIoMT,5,0.7719499234750271,0.7281656416090753,0.8108719452088516,0.0625,True,primary,0.0625
transformer_cl/cat - transformer/noCL,clean MCC,CICIoT,5,0.43317652679364704,0.3067273725070617,0.5315018237297938,0.0625,True,primary,0.0625
transformer_cl/cat - transformer/noCL,clean MCC,TONIoT,5,0.8020818396308899,0.7960307385520018,0.8081329407097779,0.0625,True,primary,0.0625
transformer_cl/cat - transformer/noCL,clean MCC,STRATIFIED,15,0.6690694299665214,,,4.999750012499375e-05,True,primary,4.999750012499375e-05
transformer_cl/cat - transformer/noCL,robust MCC,CICIoMT,5,0.4033573409126044,0.3766786363542245,0.44486498067266717,0.0625,True,secondary,
transformer_cl/cat - transformer/noCL,robust MCC,CICIoT,5,0.361921419926709,0.2733318916154679,0.4279716503962989,0.0625,True,secondary,
transformer_cl/cat - transformer/noCL,robust MCC,TONIoT,5,0.6321475670005784,0.6099364583852007,0.6506073107956103,0.0625,True,secondary,
transformer_cl/cat - transformer/noCL,robust MCC,STRATIFIED,15,0.46580877594663067,,,9.99950002499875e-05,True,secondary,0.0032998350082495873
aam_trans/cat - transformer_cl/cat,average accuracy,CICIoMT,5,0.026159999999999982,-0.003080000000000016,0.060820000000000006,0.1875,False,secondary,
aam_trans/cat - transformer_cl/cat,average accuracy,TONIoT,5,-0.014320000000000022,-0.03452000000000004,-0.0005200000000000315,0.1875,False,secondary,
aam_trans/cat - transformer_cl/cat,average accuracy,STRATIFIED,10,0.00591999999999998,,,0.6543172841357933,False,secondary,1.0
aam_trans/cat - transformer_cl/cat,clean MCC,CICIoMT,5,0.035369423790427554,-0.0033018811027092586,0.07806083962678809,0.3125,False,secondary,
aam_trans/cat - transformer_cl/cat,clean MCC,TONIoT,5,-0.018166436804825502,-0.051554837046247616,0.007421455444099579,0.625,False,secondary,
aam_trans/cat - transformer_cl/cat,clean MCC,STRATIFIED,10,0.008601493492801026,,,0.6288685565721714,False,secondary,1.0
aam_trans/ewckd - transformer_cl/cat,average accuracy,CICIoMT,5,-0.46696,-0.4897,-0.43431999999999993,0.0625,True,secondary,
aam_trans/ewckd - transformer_cl/cat,average accuracy,CICIoT,5,-0.22083999999999998,-0.26359999999999995,-0.16154000000000002,0.0625,True,secondary,
aam_trans/ewckd - transformer_cl/cat,average accuracy,TONIoT,5,-0.35856000000000005,-0.36100000000000004,-0.3561000000000001,0.0625,True,secondary,
aam_trans/ewckd - transformer_cl/cat,average accuracy,STRATIFIED,15,-0.34878666666666663,,,4.999750012499375e-05,True,secondary,0.002049897505124744
aam_trans/ewckd - transformer_cl/cat,clean MCC,CICIoMT,5,-0.49673173917057234,-0.5344334509017626,-0.45760860158538186,0.0625,True,secondary,
aam_trans/ewckd - transformer_cl/cat,clean MCC,CICIoT,5,-0.3628985617034877,-0.4616755239614291,-0.2334322738044427,0.0625,True,secondary,
aam_trans/ewckd - transformer_cl/cat,clean MCC,TONIoT,5,-0.6812799861051954,-0.6862706119720186,-0.6771448877478587,0.0625,True,secondary,
aam_trans/ewckd - transformer_cl/cat,clean MCC,STRATIFIED,15,-0.5136367623264184,,,0.000199990000499975,True,secondary,0.004199790010499475
aam_trans_no_gates/cat - transformer_cl/cat,average accuracy,CICIoMT,5,0.01916,-0.009540000000000015,0.05497999999999996,0.625,False,secondary,
aam_trans_no_gates/cat - transformer_cl/cat,average accuracy,TONIoT,5,-0.0062799999999999965,-0.012439999999999984,-0.0004199999999999982,0.1875,False,secondary,
aam_trans_no_gates/cat - transformer_cl/cat,average accuracy,STRATIFIED,10,0.006440000000000001,,,0.6808159592020399,False,secondary,1.0
aam_trans_no_gates/cat - transformer_cl/cat,clean MCC,CICIoMT,5,0.02907346021921864,-0.012499855452087538,0.0772369088257113,0.3125,False,secondary,
aam_trans_no_gates/cat - transformer_cl/cat,clean MCC,TONIoT,5,-0.006055294764245845,-0.017686319648698913,0.005575730120207223,0.4375,False,secondary,
aam_trans_no_gates/cat - transformer_cl/cat,clean MCC,STRATIFIED,10,0.011509082727486398,,,0.5430228488575571,False,secondary,1.0
aam_trans_no_gates/ewckd - transformer_cl/cat,average accuracy,CICIoMT,5,-0.46699999999999997,-0.48958,-0.43448000000000003,0.0625,True,secondary,
aam_trans_no_gates/ewckd - transformer_cl/cat,average accuracy,CICIoT,5,-0.21959999999999996,-0.26409999999999995,-0.15497999999999998,0.0625,True,secondary,
aam_trans_no_gates/ewckd - transformer_cl/cat,average accuracy,TONIoT,5,-0.36082000000000003,-0.36388000000000004,-0.35838000000000003,0.0625,True,secondary,
aam_trans_no_gates/ewckd - transformer_cl/cat,average accuracy,STRATIFIED,15,-0.34913999999999995,,,0.00014999250037498125,True,secondary,0.0034498275086245686
aam_trans_no_gates/ewckd - transformer_cl/cat,clean MCC,CICIoMT,5,-0.5117871052357861,-0.5517444275922133,-0.4685989190723303,0.0625,True,secondary,
aam_trans_no_gates/ewckd - transformer_cl/cat,clean MCC,CICIoT,5,-0.3532633558119175,-0.4391007133515659,-0.2385680450083741,0.0625,True,secondary,
aam_trans_no_gates/ewckd - transformer_cl/cat,clean MCC,TONIoT,5,-0.6731592179214392,-0.6801903850596399,-0.6670705935172138,0.0625,True,secondary,
aam_trans_no_gates/ewckd - transformer_cl/cat,clean MCC,STRATIFIED,15,-0.512736559656381,,,9.99950002499875e-05,True,secondary,0.0032998350082495873
dnn/cat - transformer_cl/cat,average accuracy,CICIoMT,5,0.026739999999999986,0.007559999999999989,0.05795999999999997,0.0625,True,secondary,
dnn/cat - transformer_cl/cat,average accuracy,TONIoT,5,0.0004999999999999672,-0.0032000000000000695,0.004200000000000004,0.8125,True,secondary,
dnn/cat - transformer_cl/cat,average accuracy,STRATIFIED,10,0.013619999999999976,,,0.03884805759712014,True,secondary,0.4661766911654417
dnn/cat - transformer_cl/cat,clean MCC,CICIoMT,5,0.028699693240859726,0.0016521560981739957,0.07218099748187261,0.1875,True,secondary,
dnn/cat - transformer_cl/cat,clean MCC,TONIoT,5,0.006243030660490834,-0.004874553771588785,0.013520106450176539,0.4375,True,secondary,
dnn/cat - transformer_cl/cat,clean MCC,STRATIFIED,10,0.01747136195067528,,,0.0463976801159942,True,secondary,0.5103744812759362
dnn/ewckd - transformer_cl/cat,average accuracy,CICIoMT,5,-0.46188,-0.48422,-0.42699999999999994,0.0625,True,secondary,
dnn/ewckd - transformer_cl/cat,average accuracy,CICIoT,5,-0.22001999999999997,-0.26213999999999993,-0.1619,0.0625,True,secondary,
dnn/ewckd - transformer_cl/cat,average accuracy,TONIoT,5,-0.35782,-0.35932000000000003,-0.35653999999999997,0.0625,True,secondary,
dnn/ewckd - transformer_cl/cat,average accuracy,STRATIFIED,15,-0.34657333333333334,,,0.000199990000499975,True,secondary,0.004199790010499475
dnn/ewckd - transformer_cl/cat,clean MCC,CICIoMT,5,-0.5011709634003026,-0.5381266649816909,-0.45429588635687795,0.0625,True,secondary,
dnn/ewckd - transformer_cl/cat,clean MCC,CICIoT,5,-0.3491019539423414,-0.4527056787982241,-0.2198736140768562,0.0625,True,secondary,
dnn/ewckd - transformer_cl/cat,clean MCC,TONIoT,5,-0.6688654365198234,-0.6796664506983104,-0.6580644223413363,0.0625,True,secondary,
dnn/ewckd - transformer_cl/cat,clean MCC,STRATIFIED,15,-0.5063794512874892,,,4.999750012499375e-05,True,secondary,0.002049897505124744
dnn/noCL - transformer_cl/cat,average accuracy,CICIoMT,5,-0.56688,-0.5894600000000001,-0.5343200000000001,0.0625,True,secondary,
dnn/noCL - transformer_cl/cat,average accuracy,CICIoT,5,-0.2082,-0.2517,-0.14750000000000002,0.0625,True,secondary,
dnn/noCL - transformer_cl/cat,average accuracy,TONIoT,5,-0.35916,-0.3609399999999999,-0.35739999999999994,0.0625,True,secondary,
dnn/noCL - transformer_cl/cat,average accuracy,STRATIFIED,15,-0.37807999999999997,,,4.999750012499375e-05,True,secondary,0.002049897505124744
dnn/noCL - transformer_cl/cat,clean MCC,CICIoMT,5,-0.7719499234750271,-0.8108719452088516,-0.7305304338840083,0.0625,True,secondary,
dnn/noCL - transformer_cl/cat,clean MCC,CICIoT,5,-0.43317652679364704,-0.5315018237297938,-0.3067273725070617,0.0625,True,secondary,
dnn/noCL - transformer_cl/cat,clean MCC,TONIoT,5,-0.8020818396308899,-0.8081329407097779,-0.7960307385520018,0.0625,True,secondary,
dnn/noCL - transformer_cl/cat,clean MCC,STRATIFIED,15,-0.6690694299665214,,,4.999750012499375e-05,True,secondary,0.002049897505124744
lstm/cat - transformer_cl/cat,average accuracy,CICIoMT,5,0.0125,-0.023740000000000004,0.050980000000000004,1.0,False,secondary,
lstm/cat - transformer_cl/cat,average accuracy,TONIoT,5,-0.005560000000000009,-0.016720000000000023,0.00504,0.4375,False,secondary,
lstm/cat - transformer_cl/cat,average accuracy,STRATIFIED,10,0.0034699999999999957,,,0.8062596870156492,False,secondary,1.0
lstm/cat - transformer_cl/cat,clean MCC,CICIoMT,5,0.019164948415035753,-0.03195215842366768,0.0714083783836065,0.8125,False,secondary,
lstm/cat - transformer_cl/cat,clean MCC,TONIoT,5,-0.008495338406355324,-0.02899053233937445,0.011999855526663805,0.625,False,secondary,
lstm/cat - transformer_cl/cat,clean MCC,STRATIFIED,10,0.005334805004340215,,,0.7752612369381531,False,secondary,1.0
lstm/ewckd - transformer_cl/cat,average accuracy,CICIoMT,5,-0.45644,-0.48838,-0.42380000000000007,0.0625,True,secondary,
lstm/ewckd - transformer_cl/cat,average accuracy,CICIoT,5,-0.20537999999999998,-0.25162,-0.15259999999999999,0.0625,True,secondary,
lstm/ewckd - transformer_cl/cat,average accuracy,TONIoT,5,-0.3578,-0.3599,-0.35590000000000005,0.0625,True,secondary,
lstm/ewckd - transformer_cl/cat,average accuracy,STRATIFIED,15,-0.3398733333333333,,,4.999750012499375e-05,True,secondary,0.002049897505124744
lstm/ewckd - transformer_cl/cat,clean MCC,CICIoMT,5,-0.4872723197571121,-0.5390162757077664,-0.44218236610950584,0.0625,True,secondary,
lstm/ewckd - transformer_cl/cat,clean MCC,CICIoT,5,-0.3570398741032895,-0.4723635387921202,-0.25053063384735247,0.0625,True,secondary,
lstm/ewckd - transformer_cl/cat,clean MCC,TONIoT,5,-0.6792666218013786,-0.6894754241642304,-0.667950893766215,0.0625,True,secondary,
lstm/ewckd - transformer_cl/cat,clean MCC,STRATIFIED,15,-0.5078596052205935,,,4.999750012499375e-05,True,secondary,0.002049897505124744
lstm/noCL - transformer_cl/cat,average accuracy,CICIoMT,5,-0.56688,-0.5893400000000001,-0.5343200000000001,0.0625,True,secondary,
lstm/noCL - transformer_cl/cat,average accuracy,CICIoT,5,-0.2082,-0.2517,-0.14750000000000002,0.0625,True,secondary,
lstm/noCL - transformer_cl/cat,average accuracy,TONIoT,5,-0.35916,-0.36094,-0.35738,0.0625,True,secondary,
lstm/noCL - transformer_cl/cat,average accuracy,STRATIFIED,15,-0.37807999999999997,,,0.00024998750062496874,True,secondary,0.004249787510624469
lstm/noCL - transformer_cl/cat,clean MCC,CICIoMT,5,-0.7719499234750271,-0.8108719452088516,-0.7281656416090753,0.0625,True,secondary,
lstm/noCL - transformer_cl/cat,clean MCC,CICIoT,5,-0.43317652679364704,-0.5315018237297938,-0.29556984174847567,0.0625,True,secondary,
lstm/noCL - transformer_cl/cat,clean MCC,TONIoT,5,-0.8020818396308899,-0.8081329407097779,-0.7960307385520018,0.0625,True,secondary,
lstm/noCL - transformer_cl/cat,clean MCC,STRATIFIED,15,-0.6690694299665214,,,9.99950002499875e-05,True,secondary,0.0032998350082495873
rdt/cat - transformer_cl/cat,average accuracy,CICIoMT,5,0.027159999999999983,0.0005399999999999849,0.06153999999999995,0.1875,False,secondary,
rdt/cat - transformer_cl/cat,average accuracy,TONIoT,5,-0.0017200000000000104,-0.005119999999999991,0.0015399999999999858,0.4375,False,secondary,
rdt/cat - transformer_cl/cat,average accuracy,STRATIFIED,10,0.012719999999999987,,,0.23488825558722065,False,secondary,1.0
rdt/cat - transformer_cl/cat,clean MCC,CICIoMT,5,0.035137802296581436,0.00011059473056527214,0.07944535479369005,0.3125,True,secondary,
rdt/cat - transformer_cl/cat,clean MCC,TONIoT,5,0.0018118921019002032,-0.0042076422597329575,0.008783819994084108,1.0,True,secondary,
rdt/cat - transformer_cl/cat,clean MCC,STRATIFIED,10,0.01847484719924082,,,0.16144192790360481,True,secondary,1.0
rdt/ewckd - transformer_cl/cat,average accuracy,CICIoMT,5,-0.461,-0.48222000000000004,-0.43001999999999996,0.0625,True,secondary,
rdt/ewckd - transformer_cl/cat,average accuracy,CICIoT,5,-0.21588,-0.25792000000000004,-0.15741999999999998,0.0625,True,secondary,
rdt/ewckd - transformer_cl/cat,average accuracy,TONIoT,5,-0.3601599999999999,-0.36360000000000003,-0.3572,0.0625,True,secondary,
rdt/ewckd - transformer_cl/cat,average accuracy,STRATIFIED,15,-0.34568,,,9.99950002499875e-05,True,secondary,0.0032998350082495873
rdt/ewckd - transformer_cl/cat,clean MCC,CICIoMT,5,-0.5029671178775286,-0.5355762105321034,-0.4642209313845296,0.0625,True,secondary,
rdt/ewckd - transformer_cl/cat,clean MCC,CICIoT,5,-0.3815682106204325,-0.47697302654429186,-0.2544706938734083,0.0625,True,secondary,
rdt/ewckd - transformer_cl/cat,clean MCC,TONIoT,5,-0.6687589562025524,-0.6750343177816077,-0.6621366656423544,0.0625,True,secondary,
rdt/ewckd - transformer_cl/cat,clean MCC,STRATIFIED,15,-0.5177647615668378,,,9.99950002499875e-05,True,secondary,0.0032998350082495873
transformer/noCL/noAT - transformer_cl/cat,average accuracy,CICIoMT,5,-0.44966000000000006,-0.4779,-0.40515999999999996,0.0625,True,secondary,
transformer/noCL/noAT - transformer_cl/cat,average accuracy,CICIoT,5,-0.2476,-0.29235999999999995,-0.1876,0.0625,True,secondary,
transformer/noCL/noAT - transformer_cl/cat,average accuracy,TONIoT,5,-0.3638,-0.36941999999999997,-0.35936,0.0625,True,secondary,
transformer/noCL/noAT - transformer_cl/cat,average accuracy,STRATIFIED,15,-0.35368666666666665,,,9.99950002499875e-05,True,secondary,0.0032998350082495873
transformer/noCL/noAT - transformer_cl/cat,clean MCC,CICIoMT,5,-0.47530024324472875,-0.5145362765594327,-0.4282312476292418,0.0625,True,secondary,
transformer/noCL/noAT - transformer_cl/cat,clean MCC,CICIoT,5,-0.3344913771965987,-0.42471929647331635,-0.2103551261262493,0.0625,True,secondary,
transformer/noCL/noAT - transformer_cl/cat,clean MCC,TONIoT,5,-0.6730660017986975,-0.704396095034157,-0.6497577370697566,0.0625,True,secondary,
transformer/noCL/noAT - transformer_cl/cat,clean MCC,STRATIFIED,15,-0.4942858740800083,,,9.99950002499875e-05,True,secondary,0.0032998350082495873
transformer_cl/bic - transformer_cl/cat,average accuracy,CICIoMT,5,-0.03124,-0.07932000000000002,0.015320000000000023,0.625,True,secondary,
transformer_cl/bic - transformer_cl/cat,average accuracy,CICIoT,5,-0.48625999999999997,-0.55824,-0.4084199999999999,0.0625,True,secondary,
transformer_cl/bic - transformer_cl/cat,average accuracy,TONIoT,5,-0.051900000000000016,-0.0568,-0.0464,0.0625,True,secondary,
transformer_cl/bic - transformer_cl/cat,average accuracy,STRATIFIED,15,-0.1898,,,0.0004999750012499375,True,secondary,0.007499625018749062
transformer_cl/bic - transformer_cl/cat,clean MCC,CICIoMT,5,-0.007965209937863049,-0.06426103703506894,0.04833061715934284,0.8125,True,secondary,
transformer_cl/bic - transformer_cl/cat,clean MCC,CICIoT,5,-0.2005911775012373,-0.3604053211713316,-0.04077703383114299,0.125,True,secondary,
transformer_cl/bic - transformer_cl/cat,clean MCC,TONIoT,5,-0.00652675911018199,-0.015974935392248833,0.003174201418639333,0.3125,True,secondary,
transformer_cl/bic - transformer_cl/cat,clean MCC,STRATIFIED,15,-0.07169438218309411,,,0.08699565021748913,True,secondary,0.7829608519574022
transformer_cl/ewc - transformer_cl/cat,average accuracy,CICIoMT,5,-0.57896,-0.6714199999999999,-0.4838,0.0625,True,secondary,
transformer_cl/ewc - transformer_cl/cat,average accuracy,CICIoT,5,-0.5416399999999999,-0.58514,-0.48091999999999996,0.0625,True,secondary,
transformer_cl/ewc - transformer_cl/cat,average accuracy,TONIoT,5,-0.55492,-0.7519600000000001,-0.35788,0.0625,True,secondary,
transformer_cl/ewc - transformer_cl/cat,average accuracy,STRATIFIED,15,-0.5585066666666667,,,0.00014999250037498125,True,secondary,0.0034498275086245686
transformer_cl/ewc - transformer_cl/cat,clean MCC,CICIoMT,5,-0.7122268368383046,-0.8043828189352584,-0.588310690842462,0.0625,True,secondary,
transformer_cl/ewc - transformer_cl/cat,clean MCC,CICIoT,5,-0.43317652679364704,-0.5315018237297938,-0.3067273725070617,0.0625,True,secondary,
transformer_cl/ewc - transformer_cl/cat,clean MCC,TONIoT,5,-0.8020818396308899,-0.8081329407097779,-0.7960307385520018,0.0625,True,secondary,
transformer_cl/ewc - transformer_cl/cat,clean MCC,STRATIFIED,15,-0.6491617344209472,,,9.99950002499875e-05,True,secondary,0.0032998350082495873
transformer_cl/ewckd - transformer_cl/cat,average accuracy,CICIoMT,5,-0.46708,-0.49192,-0.43450000000000005,0.0625,True,secondary,
transformer_cl/ewckd - transformer_cl/cat,average accuracy,CICIoT,5,-0.21039999999999998,-0.2547,-0.1479,0.0625,True,secondary,
transformer_cl/ewckd - transformer_cl/cat,average accuracy,TONIoT,5,-0.3606,-0.36393999999999993,-0.35718000000000005,0.0625,True,secondary,
transformer_cl/ewckd - transformer_cl/cat,average accuracy,STRATIFIED,15,-0.34602666666666665,,,0.000199990000499975,True,secondary,0.004199790010499475
transformer_cl/ewckd - transformer_cl/cat,clean MCC,CICIoMT,5,-0.512308976198834,-0.5485318841413724,-0.46998084204883206,0.0625,True,secondary,
transformer_cl/ewckd - transformer_cl/cat,clean MCC,CICIoT,5,-0.4084300209761569,-0.5120816794849945,-0.2825871617942952,0.0625,True,secondary,
transformer_cl/ewckd - transformer_cl/cat,clean MCC,TONIoT,5,-0.6788148645514586,-0.7036235601500571,-0.6585386540531573,0.0625,True,secondary,
transformer_cl/ewckd - transformer_cl/cat,clean MCC,STRATIFIED,15,-0.5331846205754832,,,9.99950002499875e-05,True,secondary,0.0032998350082495873
transformer_cl/ewckd/noAT - transformer_cl/cat,average accuracy,CICIoMT,5,-0.4655600000000001,-0.4918800000000001,-0.4302,0.0625,True,secondary,
transformer_cl/ewckd/noAT - transformer_cl/cat,average accuracy,CICIoT,5,-0.22429999999999994,-0.2686,-0.16075999999999996,0.0625,True,secondary,
transformer_cl/ewckd/noAT - transformer_cl/cat,average accuracy,TONIoT,5,-0.3567600000000001,-0.35868,-0.3546,0.0625,True,secondary,
transformer_cl/ewckd/noAT - transformer_cl/cat,average accuracy,STRATIFIED,15,-0.34887333333333337,,,4.999750012499375e-05,True,secondary,0.002049897505124744
transformer_cl/ewckd/noAT - transformer_cl/cat,clean MCC,CICIoMT,5,-0.48523852199176165,-0.5344534106594647,-0.44277055275197996,0.0625,True,secondary,
transformer_cl/ewckd/noAT - transformer_cl/cat,clean MCC,CICIoT,5,-0.35415726289807736,-0.46007830509551173,-0.21661354461722748,0.0625,True,secondary,
transformer_cl/ewckd/noAT - transformer_cl/cat,clean MCC,TONIoT,5,-0.725193449303061,-0.7353851459425976,-0.7167474045444955,0.0625,True,secondary,
transformer_cl/ewckd/noAT - transformer_cl/cat,clean MCC,STRATIFIED,15,-0.5215297447309667,,,4.999750012499375e-05,True,secondary,0.002049897505124744
transformer_cl/kd - transformer_cl/cat,average accuracy,CICIoMT,5,-0.4681,-0.49002000000000007,-0.43705999999999995,0.0625,True,secondary,
transformer_cl/kd - transformer_cl/cat,average accuracy,CICIoT,5,-0.1895,-0.23669999999999997,-0.1355,0.0625,True,secondary,
transformer_cl/kd - transformer_cl/cat,average accuracy,TONIoT,5,-0.35941999999999996,-0.36222000000000004,-0.35734,0.0625,True,secondary,
transformer_cl/kd - transformer_cl/cat,average accuracy,STRATIFIED,15,-0.3390066666666667,,,0.000199990000499975,True,secondary,0.004199790010499475
transformer_cl/kd - transformer_cl/cat,clean MCC,CICIoMT,5,-0.5073370557953687,-0.5413987420994346,-0.4722096121116244,0.0625,True,secondary,
transformer_cl/kd - transformer_cl/cat,clean MCC,CICIoT,5,-0.39529197531895754,-0.5096775878845905,-0.27950952611898927,0.0625,True,secondary,
transformer_cl/kd - transformer_cl/cat,clean MCC,TONIoT,5,-0.6712991192740146,-0.6996281339717085,-0.6546257953505661,0.0625,True,secondary,
transformer_cl/kd - transformer_cl/cat,clean MCC,STRATIFIED,15,-0.5246427167961136,,,0.00024998750062496874,True,secondary,0.004249787510624469
transformer_cl/replay - transformer_cl/cat,average accuracy,CICIoMT,5,-0.32055999999999996,-0.38022,-0.26668,0.0625,True,secondary,
transformer_cl/replay - transformer_cl/cat,average accuracy,CICIoT,5,-0.36463999999999996,-0.4548,-0.27243999999999996,0.0625,True,secondary,
transformer_cl/replay - transformer_cl/cat,average accuracy,TONIoT,5,-0.55318,-0.55996,-0.5472600000000002,0.0625,True,secondary,
transformer_cl/replay - transformer_cl/cat,average accuracy,STRATIFIED,15,-0.4127933333333333,,,9.99950002499875e-05,True,secondary,0.0032998350082495873
transformer_cl/replay - transformer_cl/cat,clean MCC,CICIoMT,5,-0.2716063326885247,-0.3271519245882554,-0.21060461542484926,0.0625,True,secondary,
transformer_cl/replay - transformer_cl/cat,clean MCC,CICIoT,5,-0.028611147156381612,-0.2040222588904082,0.17357268255194663,0.8125,True,secondary,
transformer_cl/replay - transformer_cl/cat,clean MCC,TONIoT,5,-0.1714582711420674,-0.18539104425736289,-0.15752549802677196,0.0625,True,secondary,
transformer_cl/replay - transformer_cl/cat,clean MCC,STRATIFIED,15,-0.15722525032899123,,,0.005649717514124294,True,secondary,0.0790960451977401
transformer_cl/robustcat - transformer_cl/cat,average accuracy,CICIoMT,5,-0.04778,-0.07797999999999998,-0.016839999999999987,0.125,True,secondary,
transformer_cl/robustcat - transformer_cl/cat,average accuracy,CICIoT,5,-0.02841999999999998,-0.09683999999999997,0.025660000000000016,0.8125,True,secondary,
transformer_cl/robustcat - transformer_cl/cat,average accuracy,TONIoT,5,-0.009240000000000003,-0.014500000000000023,-0.0039799999999999836,0.0625,True,secondary,
transformer_cl/robustcat - transformer_cl/cat,average accuracy,STRATIFIED,15,-0.028479999999999995,,,0.03464826758662067,True,secondary,0.45042747862606874
transformer_cl/robustcat - transformer_cl/cat,clean MCC,CICIoMT,5,-0.03908854048633716,-0.07722605755708019,-0.0024015002210191925,0.125,True,secondary,
transformer_cl/robustcat - transformer_cl/cat,clean MCC,CICIoT,5,-0.0704867692316606,-0.2047998565091592,0.041707412104941305,0.8125,True,secondary,
transformer_cl/robustcat - transformer_cl/cat,clean MCC,TONIoT,5,-0.01925586484641406,-0.031382972381671245,-0.007128757311156875,0.0625,True,secondary,
transformer_cl/robustcat - transformer_cl/cat,clean MCC,STRATIFIED,15,-0.04294372485480394,,,0.06859657017149143,True,secondary,0.6859657017149143
