DDoS,DoS,Scanning,Backdoor,Injection,Password,Ransomware,XSS,MITM
0.500000,0.974500,0.967750,0.963000,0.960250,0.946500,0.943000,0.940500,0.928750
0.000000,0.961250,0.973250,0.960250,0.970000,0.960750,0.943500,0.955000,0.936750
0.000000,0.000000,0.942250,0.919500,0.930000,0.924000,0.915000,0.920750,0.904250
0.000000,0.000000,0.000000,0.987500,0.988000,0.988000,0.987000,0.988500,0.984250
0.000000,0.000000,0.000000,0.000000,0.716750,0.956500,0.898000,0.897250,0.884500
0.000000,0.000000,0.000000,0.000000,0.000000,0.542750,0.713500,0.732750,0.735250
0.000000,0.000000,0.000000,0.000000,0.000000,0.000000,0.881000,0.840250,0.829750
0.000000,0.000000,0.000000,0.000000,0.000000,0.000000,0.000000,0.775750,0.879750
0.000000,0.000000,0.000000,0.000000,0.000000,0.000000,0.000000,0.000000,0.936170
