dataset,seed,backbone,variant,n_tasks,AA,BWT,remembering_rate,CFI,clean_acc,clean_mcc,clean_f1,clean_bal_acc,sel_acc,sel_mcc,fgsm_acc,fgsm_mcc,fgsm_asr,pgd_acc,pgd_mcc,pgd_asr,square_acc,square_mcc,transfer_acc,transfer_mcc,epochs,epsilon,beta,ewc_lambda,status
CICIoMT,1,dnn,ewckd,5,0.3698,-0.7359,0.2251,0.6142,0.3333333333333333,0.25908567432844887,0.16730980555923639,0.3333333333333333,0.11391147244805781,0.09255523075013358,0.333,0.25821185246287226,0.1,0.333,0.2584835387088355,0.1,0.333,0.258340606140787,0.333,0.25831614369630074,20,0.1,6.0,1000.0,ok
TONIoT,1,dnn,ewckd,9,0.5456,-0.4254,0.5639,0.4094,0.16233333333333333,0.12441420437852804,0.05640440653706145,0.18609652993914622,0.11898224418817499,0.10806749780182742,0.138,0.089544450602416,16.427104722792606,0.13633333333333333,0.08749910477602996,17.453798767967147,0.13766666666666666,0.08909714158541826,0.13633333333333333,0.08703753641625567,20,0.1,6.0,1000.0,ok
CICIoT,1,dnn,ewckd,8,0.4373,-0.4725,0.4605,0.4860,0.11966666666666667,0.08787968214266746,0.047300663374662995,0.14243186582809222,0.03909556694141234,0.04302242522398887,0.1,0.07718423224578519,19.498607242339833,0.09933333333333333,0.07527692479644453,20.334261838440113,0.09966666666666667,0.0767903776763084,0.10033333333333333,0.0795081574808145,20,0.1,6.0,1000.0,ok
CICIoMT,7,dnn,ewckd,5,0.3698,-0.7369,0.2249,0.6145,0.3333333333333333,0.2685265535622202,0.17405277001502423,0.3333333333333333,0.11400180668473352,0.09432355013969965,0.3333333333333333,0.2686332400116305,0.0,0.3333333333333333,0.26769602740672377,0.0,0.3333333333333333,0.2689571768199595,0.3333333333333333,0.2711473887112788,20,0.1,6.0,1000.0,ok
TONIoT,7,dnn,ewckd,9,0.5454,-0.4260,0.5636,0.4098,0.16,0.13974240236819513,0.0665089786803389,0.1848086124401914,0.11733479773018488,0.13431224135574912,0.152,0.1300222942459229,6.25,0.152,0.13231729288742775,6.25,0.152,0.12816915945799054,0.152,0.13231729288742775,20,0.1,6.0,1000.0,ok
CICIoT,7,dnn,ewckd,8,0.4356,-0.4975,0.4476,0.4998,0.11633333333333333,0.09833725377496434,0.051971126181596126,0.14642143240212568,0.03909556694141234,0.05397169082429397,0.09566666666666666,0.09009493037330868,20.630372492836678,0.09633333333333334,0.0915230271910896,20.34383954154728,0.09666666666666666,0.09191351405152982,0.09833333333333333,0.09659984442142963,20,0.1,6.0,1000.0,ok
CICIoMT,13,dnn,ewckd,5,0.3824,-0.7193,0.2412,0.6007,0.345,0.2813079650621203,0.1957607174203321,0.34500000000000003,0.13495934959349593,0.1171824878672756,0.3426666666666667,0.2715851523412986,1.0628019323671498,0.3426666666666667,0.2716843050904682,1.1594202898550725,0.3416666666666667,0.2732376331804233,0.345,0.28007765066677914,20,0.1,6.0,1000.0,ok
TONIoT,13,dnn,ewckd,9,0.5439,-0.4270,0.5622,0.4110,0.16133333333333333,0.12367266546782628,0.0556034496034496,0.18639893324966664,0.11879919458173165,0.10768576960557077,0.14266666666666666,0.09694870943212033,12.603305785123966,0.142,0.09578988831268584,13.016528925619836,0.13966666666666666,0.09258980852854083,0.144,0.09923308651265816,20,0.1,6.0,1000.0,ok
CICIoT,13,dnn,ewckd,8,0.4314,-0.4299,0.4878,0.4658,0.117,0.08463699572974777,0.0453685271171374,0.14969278451416454,0.0398752506126086,0.042166165917701066,0.09,0.06576633157782986,26.495726495726498,0.09033333333333333,0.06567588483781642,26.21082621082621,0.09,0.060934157870046336,0.09233333333333334,0.0687129178478349,20,0.1,6.0,1000.0,ok
CICIoMT,21,dnn,ewckd,5,0.3820,-0.7212,0.2404,0.6016,0.3473333333333333,0.27792380763896685,0.20582165556403428,0.3473333333333333,0.13252032520325202,0.10289598181286207,0.33566666666666667,0.2641250207135586,3.5508637236084453,0.335,0.26305157823666503,3.742802303262956,0.3343333333333333,0.2615016065861783,0.3343333333333333,0.2623978610157864,20,0.1,6.0,1000.0,ok
TONIoT,21,dnn,ewckd,9,0.5481,-0.4252,0.5655,0.4081,0.16466666666666666,0.14935418325305214,0.07162316108367323,0.18723879113991776,0.11889071938495333,0.14346299385969663,0.15433333333333332,0.13312266329849706,7.08502024291498,0.15433333333333332,0.13295676332723563,7.08502024291498,0.15433333333333332,0.1316562386909774,0.15433333333333332,0.1319769920561699,20,0.1,6.0,1000.0,ok
CICIoT,21,dnn,ewckd,8,0.4366,-0.4850,0.4534,0.4929,0.12266666666666666,0.07693444891770944,0.03909670954838426,0.17467481074680247,0.03920695032301181,0.028943504955203238,0.103,0.05445287865273794,19.021739130434785,0.10133333333333333,0.05161087676714022,20.380434782608695,0.102,0.05312313882500179,0.106,0.05943111671958275,20,0.1,6.0,1000.0,ok
CICIoMT,42,dnn,ewckd,5,0.3697,-0.7358,0.2250,0.6143,0.3333333333333333,0.267050799781866,0.1730113833704746,0.3333333333333333,0.11409214092140921,0.0931818654303979,0.3333333333333333,0.2648479944752972,0.0,0.3333333333333333,0.2642435110016239,0.0,0.3333333333333333,0.26657215496021475,0.3333333333333333,0.2678998598884099,20,0.1,6.0,1000.0,ok
TONIoT,42,dnn,ewckd,9,0.5487,-0.4257,0.5655,0.4082,0.16566666666666666,0.1288985600877312,0.05821562964238123,0.18835623767522205,0.11815852095917993,0.10726945217468237,0.128,0.07502007379502666,23.943661971830984,0.12433333333333334,0.06973881899728597,26.358148893360163,0.12933333333333333,0.07706633048860145,0.12933333333333333,0.07702747089929017,20,0.1,6.0,1000.0,ok
CICIoT,42,dnn,ewckd,8,0.4392,-0.4532,0.4738,0.4745,0.11666666666666667,0.07258448369143986,0.038287731929159984,0.15362732911572452,0.03965248384940967,0.03366877343692527,0.09766666666666667,0.06514205697428795,19.428571428571427,0.096,0.06156301508723417,20.57142857142857,0.09866666666666667,0.06225856775581781,0.09866666666666667,0.06275775677489381,20,0.1,6.0,1000.0,ok
CICIoMT,1,lstm,ewckd,5,0.4195,-0.6742,0.2874,0.5625,0.38233333333333336,0.33831165671877933,0.26207184324955135,0.38233333333333336,0.2007226738934056,0.2009521384501598,0.24833333333333332,0.14857983896710678,43.156059285091544,0.247,0.14640441256708708,43.50479511769834,0.248,0.14778183643726445,0.24333333333333335,0.1420167569882535,20,0.1,6.0,1000.0,ok
TONIoT,1,lstm,ewckd,9,0.5447,-0.4223,0.5649,0.4080,0.16333333333333333,0.12789707994747684,0.057715434675723584,0.18768678094176305,0.11889071938495333,0.10988382900409645,0.113,0.05507489052559449,31.83673469387755,0.11233333333333333,0.05390932880983068,32.244897959183675,0.11233333333333333,0.05358622983582501,0.112,0.05272479695248005,20,0.1,6.0,1000.0,ok
CICIoT,1,lstm,ewckd,8,0.5243,-0.3363,0.5828,0.3595,0.25533333333333336,0.19185296470379706,0.11992977787228157,0.24717993760383136,0.18445087992871464,0.12344153450375256,0.198,0.12198093051686909,23.368146214099216,0.20033333333333334,0.12482104586508712,22.58485639686684,0.188,0.1133756560144174,0.21033333333333334,0.13886998889060265,20,0.1,6.0,1000.0,ok
CICIoMT,7,lstm,ewckd,5,0.3724,-0.7334,0.2283,0.6117,0.33466666666666667,0.2711206672572057,0.17782520991244652,0.33466666666666667,0.11770551038843721,0.09876977643119433,0.336,0.27292546331276424,0.398406374501992,0.3363333333333333,0.2735662449778253,0.29880478087649404,0.336,0.2724343641042767,0.3363333333333333,0.27390528901845607,20,0.1,6.0,1000.0,ok
TONIoT,7,lstm,ewckd,9,0.5476,-0.4217,0.5671,0.4064,0.16066666666666668,0.11075617952654582,0.04769200949158711,0.18561602870813396,0.11797547135273659,0.07862056821149169,0.152,0.09823264623236867,6.224066390041494,0.152,0.09828430725239959,6.224066390041494,0.152,0.09813139089339012,0.152,0.09819435271737789,20,0.1,6.0,1000.0,ok
CICIoT,7,lstm,ewckd,8,0.4343,-0.4414,0.4787,0.4707,0.115,0.07445868935482118,0.04412043086156674,0.1325715862927996,0.03976386723100914,0.03301699533182529,0.09166666666666666,0.06679014219698383,24.637681159420293,0.092,0.06424516574514344,24.347826086956523,0.09233333333333334,0.0681246875604885,0.09166666666666666,0.0654771727070722,20,0.1,6.0,1000.0,ok
CICIoMT,13,lstm,ewckd,5,0.3694,-0.5862,0.4121,0.5594,0.3333333333333333,0.2609607250025776,0.16909377163657635,0.3333333333333333,0.11418247515808491,0.09105174831396257,0.3343333333333333,0.2618858234873099,0.0,0.3343333333333333,0.2617911026351744,0.0,0.3343333333333333,0.2615150954370158,0.33466666666666667,0.26124558770859074,20,0.1,6.0,1000.0,ok
TONIoT,13,lstm,ewckd,9,0.5438,-0.4229,0.5641,0.4087,0.162,0.11613779787796819,0.050371271940854,0.1873558710487097,0.11806699615595827,0.0880310034897318,0.15833333333333333,0.11014043558307626,2.674897119341564,0.15833333333333333,0.11034961266483065,2.674897119341564,0.15866666666666668,0.11178459733878171,0.15866666666666668,0.11452148937093656,20,0.1,6.0,1000.0,ok
CICIoT,13,lstm,ewckd,8,0.4304,-0.4431,0.4762,0.4739,0.117,0.033813264551220856,0.027761458049637373,0.14791655338662027,0.03976386723100914,0.010695911352044373,0.096,0.007326638337103494,20.7977207977208,0.09466666666666666,0.004504087491028483,21.937321937321936,0.095,0.006154563582013989,0.09666666666666666,0.010120699844397322,20,0.1,6.0,1000.0,ok
CICIoMT,21,lstm,ewckd,5,0.3699,-0.7336,0.2256,0.6134,0.3333333333333333,0.25705502647787837,0.22807269825353702,0.3333333333333333,0.11400180668473352,0.06219990415729709,0.194,0.05304945595717368,41.8,0.19366666666666665,0.05251069808861625,41.9,0.19566666666666666,0.055968192229120604,0.194,0.05275162945733206,20,0.1,6.0,1000.0,ok
TONIoT,21,lstm,ewckd,9,0.5469,-0.4215,0.5669,0.4066,0.162,0.14572992229909099,0.07171291735084838,0.1834110399437455,0.11879919458173165,0.14499406426093106,0.152,0.1323951923133264,7.613168724279835,0.152,0.13230639426503985,7.613168724279835,0.15166666666666667,0.13180234970451524,0.15166666666666667,0.13206908930446085,20,0.1,6.0,1000.0,ok
CICIoT,21,lstm,ewckd,8,0.4319,-0.4519,0.4674,0.4779,0.121,0.041024460374172504,0.03031527557040618,0.1690619621752985,0.04054355090220539,0.010420542063875798,0.09633333333333334,0.007321695490245283,23.415977961432507,0.096,0.007249047749783518,23.69146005509642,0.09633333333333334,0.009169703198567029,0.102,0.018164763820902142,20,0.1,6.0,1000.0,ok
CICIoMT,42,lstm,ewckd,5,0.3697,-0.7350,0.2251,0.6140,0.3333333333333333,0.29593994313313343,0.19252737715237186,0.3333333333333333,0.11400180668473352,0.11446108113666527,0.202,0.0885193271145258,41.099999999999994,0.202,0.08653786909129399,41.0,0.20366666666666666,0.09385928724334879,0.20333333333333334,0.10010574600949175,20,0.1,6.0,1000.0,ok
TONIoT,42,lstm,ewckd,9,0.5488,-0.4224,0.5673,0.4063,0.16466666666666666,0.11355510949647458,0.049232475349258946,0.18692083097665746,0.11852462017206664,0.07520113863355805,0.15433333333333332,0.09844891770064393,7.28744939271255,0.15433333333333332,0.09843780735114298,7.28744939271255,0.15433333333333332,0.09839379728557582,0.15433333333333332,0.09835047745095321,20,0.1,6.0,1000.0,ok
CICIoT,42,lstm,ewckd,8,0.4324,-0.4460,0.4756,0.4744,0.117,0.03953388446777636,0.02730213851364044,0.16810448785736815,0.03798173312541769,0.006184300510186438,0.09733333333333333,0.014203180693184847,19.37321937321937,0.09833333333333333,0.015626213525387338,18.803418803418804,0.098,0.015675847656080457,0.096,0.013704798169534498,20,0.1,6.0,1000.0,ok
CICIoMT,1,rdt,ewckd,5,0.3702,-0.7351,0.2257,0.6136,0.334,0.25991918551212,0.16870148285053183,0.334,0.11463414634146342,0.09160904435718077,0.333,0.2589806487577333,0.29940119760479045,0.333,0.25873248911598307,0.29940119760479045,0.333,0.25986505325339954,0.333,0.26130794300872684,20,0.1,6.0,1000.0,ok
TONIoT,1,rdt,ewckd,9,0.5397,-0.4311,0.5575,0.4152,0.16266666666666665,0.13005618933348007,0.05947556705490859,0.18688468744677228,0.11825004576240161,0.11619208534825401,0.123,0.07362994060096502,25.40983606557377,0.123,0.07268139738130845,25.40983606557377,0.123,0.07381482823706931,0.123,0.07584309967537323,20,0.1,6.0,1000.0,ok
CICIoT,1,rdt,ewckd,8,0.4405,-0.4402,0.4793,0.4665,0.119,0.048682242033504804,0.03173771240598743,0.13646001796945192,0.03920695032301181,0.017984320169089595,0.10633333333333334,0.03597744725198112,13.725490196078432,0.10633333333333334,0.03606598222570357,13.725490196078432,0.10666666666666667,0.036430883506820666,0.108,0.041781081443682574,20,0.1,6.0,1000.0,ok
CICIoMT,7,rdt,ewckd,5,0.3700,-0.7355,0.2254,0.6139,0.3333333333333333,0.2592985731837592,0.1674639625925699,0.3333333333333333,0.11409214092140921,0.09311899706133982,0.3333333333333333,0.25939695766588927,0.0,0.3333333333333333,0.2594137733078287,0.0,0.3333333333333333,0.25917406697185263,0.3333333333333333,0.25905715742657137,20,0.1,6.0,1000.0,ok
TONIoT,7,rdt,ewckd,9,0.5455,-0.4238,0.5648,0.4084,0.161,0.1319563825853699,0.06077688383045525,0.186244019138756,0.11779242174629324,0.12183439490712786,0.136,0.09272650515097262,16.563146997929607,0.136,0.09230723143484228,16.563146997929607,0.13466666666666666,0.09349577797530584,0.13333333333333333,0.09340628600468158,20,0.1,6.0,1000.0,ok
CICIoT,7,rdt,ewckd,8,0.4407,-0.4546,0.4703,0.4744,0.115,0.051681641661659866,0.032707085530413516,0.12916849495392715,0.0398752506126086,0.02179736409231268,0.10533333333333333,0.0463135313310359,13.043478260869565,0.10566666666666667,0.04727226700675926,13.043478260869565,0.10466666666666667,0.04050638184860052,0.10633333333333334,0.04508207911133677,20,0.1,6.0,1000.0,ok
CICIoMT,13,rdt,ewckd,5,0.3857,-0.7139,0.2457,0.5969,0.3486666666666667,0.28901763145175885,0.20526359561379018,0.3486666666666667,0.13947606142728095,0.12332375467201707,0.32066666666666666,0.2409910945857403,9.847036328871893,0.31833333333333336,0.23761135620295123,10.707456978967496,0.321,0.24109912969663724,0.346,0.28316593488099406,20,0.1,6.0,1000.0,ok
TONIoT,13,rdt,ewckd,9,0.5403,-0.4298,0.5585,0.4142,0.162,0.121108682613023,0.05338616800748033,0.1875064710957722,0.11779242174629324,0.09770896003812118,0.12133333333333333,0.06443816717136062,25.514403292181072,0.12266666666666666,0.06627914528150237,24.691358024691358,0.122,0.06562058197922314,0.12066666666666667,0.06400712830285385,20,0.1,6.0,1000.0,ok
CICIoT,13,rdt,ewckd,8,0.4361,-0.3979,0.5501,0.4439,0.11833333333333333,0.047999986704253844,0.030661426476956112,0.15274983536633258,0.0398752506126086,0.0189048820546622,0.099,0.025676451026528026,19.43661971830986,0.09866666666666667,0.024996163598965476,19.718309859154928,0.09833333333333333,0.02608657515073648,0.10166666666666667,0.03316493494284785,20,0.1,6.0,1000.0,ok
CICIoMT,21,rdt,ewckd,5,0.3754,-0.5778,0.4199,0.5518,0.3416666666666667,0.27077658460050485,0.18493634125292988,0.3416666666666666,0.12348690153568202,0.10160367940525847,0.3343333333333333,0.2616940052411199,2.1463414634146343,0.33466666666666667,0.2615601458370056,2.048780487804878,0.3343333333333333,0.2623332609324573,0.334,0.2636538621788694,20,0.1,6.0,1000.0,ok
TONIoT,21,rdt,ewckd,9,0.5469,-0.4221,0.5664,0.4069,0.164,0.14737426375787682,0.07092041938239121,0.1862818533408747,0.11889071938495333,0.14264919179087174,0.12366666666666666,0.07896621868084669,26.01626016260163,0.12366666666666666,0.0772713473839613,26.01626016260163,0.12333333333333334,0.07723371540738265,0.12333333333333334,0.08458307749461078,20,0.1,6.0,1000.0,ok
CICIoT,21,rdt,ewckd,8,0.4436,-0.4341,0.4860,0.4613,0.11933333333333333,0.04407591907280846,0.02954666428994634,0.14482929452207904,0.03865003341501448,0.014380238326489608,0.10833333333333334,0.03176964877206913,11.731843575418994,0.10866666666666666,0.03256615091943378,11.731843575418994,0.10966666666666666,0.03185000504522258,0.11,0.030006712976477626,20,0.1,6.0,1000.0,ok
CICIoMT,42,rdt,ewckd,5,0.3768,-0.5752,0.4218,0.5498,0.3406666666666667,0.2659020532393494,0.18363901174270644,0.3406666666666667,0.12601626016260162,0.10121899462258126,0.3333333333333333,0.2590416857318851,2.152641878669276,0.3333333333333333,0.2596589894286842,2.152641878669276,0.334,0.25938984604644144,0.33366666666666667,0.24707042743827776,20,0.1,6.0,1000.0,ok
TONIoT,42,rdt,ewckd,9,0.5476,-0.4236,0.5659,0.4074,0.16533333333333333,0.1361188988519376,0.06290309349321505,0.18803674885733065,0.11788394654951492,0.11801921334736713,0.15666666666666668,0.12188098847779089,6.25,0.15666666666666668,0.12177529854866158,6.25,0.157,0.12246854724131533,0.15666666666666668,0.12307099662197364,20,0.1,6.0,1000.0,ok
CICIoT,42,rdt,ewckd,8,0.4399,-0.3953,0.5394,0.4402,0.11666666666666667,0.06560179139384596,0.035371315948098093,0.15539600378471644,0.03976386723100914,0.02815319115312441,0.09433333333333334,0.04819104745051742,22.285714285714285,0.094,0.04753053371741497,22.57142857142857,0.09466666666666666,0.04651048220259999,0.098,0.054559285665468554,20,0.1,6.0,1000.0,ok
CICIoMT,1,aam_trans,ewckd,5,0.3698,-0.5339,0.1630,0.5359,0.3333333333333333,0.2582732831669087,0.1667206841683372,0.3333333333333333,0.11391147244805781,0.09069560960823791,0.31733333333333336,0.23353643425285686,4.8,0.30566666666666664,0.21533787404913238,8.3,0.31333333333333335,0.22725749884845836,0.32033333333333336,0.23969623130220202,20,0.1,6.0,1000.0,ok
TONIoT,1,aam_trans,ewckd,9,0.5445,-0.3610,0.4415,0.3708,0.162,0.12302062507787528,0.05570990030027618,0.18577290534367694,0.11879919458173165,0.10662547718722043,0.12,0.06231755812093435,27.572016460905353,0.12,0.06231755812093435,27.572016460905353,0.12,0.06235109087631775,0.12,0.06341730833632524,20,0.1,6.0,1000.0,ok
CICIoT,1,aam_trans,ewckd,8,0.4412,-0.4373,0.4838,0.4644,0.11933333333333333,0.03342253840240157,0.027912973154230036,0.13677747828691225,0.03931833370461127,0.009174742420670593,0.102,0.011580203236399933,17.318435754189945,0.10133333333333333,0.010444265538149802,17.877094972067038,0.10133333333333333,0.010388596866579617,0.103,0.016965554300911494,20,0.1,6.0,1000.0,ok
CICIoMT,7,aam_trans,ewckd,5,0.3698,-0.7359,0.2251,0.6142,0.3333333333333333,0.2656600260638005,0.17202565280939824,0.3333333333333333,0.11400180668473352,0.10103950174559002,0.3333333333333333,0.265484708910725,0.0,0.3333333333333333,0.265484708910725,0.0,0.3333333333333333,0.2656600260638005,0.3333333333333333,0.26557207434740476,20,0.1,6.0,1000.0,ok
TONIoT,7,aam_trans,ewckd,9,0.5468,-0.4215,0.5669,0.4066,0.16066666666666668,0.1143942897395614,0.050027441889158385,0.18561602870813396,0.11834157056562328,0.08904433485972367,0.117,0.05136104307141476,28.21576763485477,0.11833333333333333,0.05346218361014949,27.385892116182575,0.11833333333333333,0.05341858377241181,0.11766666666666667,0.05273955815860729,20,0.1,6.0,1000.0,ok
CICIoT,7,aam_trans,ewckd,8,0.4354,-0.4565,0.4629,0.4785,0.11566666666666667,0.0656645162343554,0.03749506575048917,0.13690824435668666,0.0395411004678102,0.03300235389237811,0.102,0.0505469411884736,15.561959654178676,0.102,0.05021502364875201,15.85014409221902,0.102,0.05406775007494776,0.10433333333333333,0.06076737749890216,20,0.1,6.0,1000.0,ok
CICIoMT,13,aam_trans,ewckd,5,0.3692,-0.7369,0.2244,0.6149,0.3333333333333333,0.28598873312381734,0.1860132022870323,0.3333333333333333,0.11418247515808491,0.10502087466800401,0.31866666666666665,0.2675375821171151,4.3999999999999995,0.31966666666666665,0.2699629488044834,4.1000000000000005,0.30933333333333335,0.24862782449412948,0.323,0.2755032803488882,20,0.1,6.0,1000.0,ok
TONIoT,13,aam_trans,ewckd,9,0.5439,-0.3629,0.4404,0.3723,0.161,0.11437992974848377,0.04997880814633224,0.18592046435014511,0.11843309536884496,0.0877905980663159,0.114,0.048848144564177055,30.434782608695656,0.114,0.04970813261710189,30.434782608695656,0.114,0.04816505051765779,0.114,0.04704563504526613,20,0.1,6.0,1000.0,ok
CICIoT,13,aam_trans,ewckd,8,0.4337,-0.4672,0.4690,0.4853,0.117,0.07053359502780261,0.039097205385612975,0.14969278451416454,0.039429717086210736,0.03098426134214233,0.10066666666666667,0.05381959511081566,16.524216524216524,0.1,0.05285227269579034,17.094017094017094,0.10033333333333333,0.05270288635741039,0.10066666666666667,0.05925508412885197,20,0.1,6.0,1000.0,ok
CICIoMT,21,aam_trans,ewckd,5,0.3698,-0.5818,0.4329,0.5572,0.3333333333333333,0.2604781474434598,0.16831633506665494,0.3333333333333333,0.11400180668473352,0.09168931582902576,0.23333333333333334,0.11182160048664853,30.0,0.233,0.110644835970627,30.099999999999998,0.23633333333333334,0.11633874493753922,0.205,0.06521750783045746,20,0.1,6.0,1000.0,ok
TONIoT,21,aam_trans,ewckd,9,0.5478,-0.4283,0.5637,0.4100,0.16466666666666666,0.11589697853909672,0.05067966859434433,0.18723879113991776,0.11898224418817499,0.0831636434812125,0.11466666666666667,0.044359300700313756,31.57894736842105,0.11466666666666667,0.04446265321117415,31.57894736842105,0.11466666666666667,0.04446265321117415,0.11433333333333333,0.044296326739255036,20,0.1,6.0,1000.0,ok
CICIoT,21,aam_trans,ewckd,8,0.4316,-0.4503,0.4697,0.4772,0.11966666666666667,0.08125192953545422,0.04243282990472985,0.16113557960113342,0.03876141679661395,0.03347633374590287,0.09966666666666667,0.0593227854946438,18.662952646239557,0.09966666666666667,0.057158644780100125,18.662952646239557,0.10033333333333333,0.06189850404267025,0.102,0.07096744237505556,20,0.1,6.0,1000.0,ok
CICIoMT,42,aam_trans,ewckd,5,0.3697,-0.7328,0.2255,0.6133,0.3333333333333333,0.30569073172428707,0.1986970836136204,0.3333333333333333,0.11409214092140921,0.12218369602389022,0.323,0.2886364268071177,3.1,0.323,0.28833989285919337,3.1,0.32266666666666666,0.2775964778626592,0.3273333333333333,0.2980295303418682,20,0.1,6.0,1000.0,ok
TONIoT,42,aam_trans,ewckd,9,0.5450,-0.4259,0.5627,0.4099,0.17,0.13631744452345587,0.058998714893258655,0.1955302138587829,0.11815852095917993,0.10640245516151745,0.121,0.0649582190833774,29.215686274509807,0.12066666666666667,0.06431182517716941,29.411764705882355,0.12066666666666667,0.06483407941939591,0.12066666666666667,0.06548449722024782,20,0.1,6.0,1000.0,ok
CICIoT,42,aam_trans,ewckd,8,0.4341,-0.4945,0.4502,0.4992,0.11666666666666667,0.10051724625078334,0.0507315106622602,0.16247070246068407,0.03842726665181555,0.05276573845395632,0.09166666666666666,0.08799456498832013,26.0,0.091,0.08635297087944217,26.285714285714285,0.09133333333333334,0.09110696536284736,0.09133333333333334,0.09603139150694394,20,0.1,6.0,1000.0,ok
CICIoMT,1,aam_trans_no_gates,ewckd,5,0.3696,-0.7340,0.2253,0.6137,0.333,0.25822297314808484,0.1669006754471539,0.333,0.11391147244805781,0.09212367042072091,0.333,0.2584168073275976,0.0,0.333,0.25840381372158566,0.0,0.333,0.25829214955977214,0.333,0.25840381372158566,20,0.1,6.0,1000.0,ok
TONIoT,1,aam_trans_no_gates,ewckd,9,0.5398,-0.3691,0.4356,0.3780,0.163,0.14100905500932615,0.06592996973203952,0.1873631563462938,0.11834157056562328,0.13226650911162233,0.12133333333333333,0.07242930353127408,26.380368098159508,0.12166666666666667,0.07251533627500627,26.1758691206544,0.12133333333333333,0.07641906187841185,0.121,0.07934112755971419,20,0.1,6.0,1000.0,ok
CICIoT,1,aam_trans_no_gates,ewckd,8,0.4374,-0.4391,0.4919,0.4676,0.119,0.08742275803709175,0.04718342851892509,0.14357592093441152,0.03876141679661395,0.0415576025265771,0.098,0.07314366349678404,19.607843137254903,0.09833333333333333,0.07402302814240447,19.607843137254903,0.09766666666666667,0.07295521376684685,0.09966666666666667,0.0791590934362072,20,0.1,6.0,1000.0,ok
CICIoMT,7,aam_trans_no_gates,ewckd,5,0.3698,-0.7319,0.2258,0.6129,0.3333333333333333,0.2637452174029785,0.17066168607602022,0.3333333333333333,0.11400180668473352,0.09854511883216717,0.3333333333333333,0.263782713460395,0.0,0.3333333333333333,0.2637452174029785,0.0,0.3333333333333333,0.26355980743627627,0.3333333333333333,0.2633418484346014,20,0.1,6.0,1000.0,ok
TONIoT,7,aam_trans_no_gates,ewckd,9,0.5452,-0.4228,0.5653,0.4081,0.159,0.12570636633857343,0.05848013280459501,0.1833732057416268,0.1176093721398499,0.11787711728182718,0.10966666666666666,0.051894848436681594,32.075471698113205,0.10966666666666666,0.052946450080742,32.075471698113205,0.10966666666666666,0.051785165812743034,0.10966666666666666,0.05138774456260466,20,0.1,6.0,1000.0,ok
CICIoT,7,aam_trans_no_gates,ewckd,8,0.4428,-0.4310,0.4906,0.4599,0.11633333333333333,0.0694264663156244,0.038952188602747954,0.13578080054604846,0.03976386723100914,0.03468359262170837,0.099,0.05977082116528558,18.911174785100286,0.099,0.05868297139841222,18.911174785100286,0.1,0.06021784889686676,0.10133333333333333,0.06604653953599615,20,0.1,6.0,1000.0,ok
CICIoMT,13,aam_trans_no_gates,ewckd,5,0.3694,-0.5818,0.4128,0.5575,0.3333333333333333,0.25939695766588927,0.16753516898267284,0.3333333333333333,0.11418247515808491,0.09097821048419186,0.3333333333333333,0.2595705079475247,0.0,0.3333333333333333,0.26001546305934947,0.0,0.3333333333333333,0.25851366379144625,0.3333333333333333,0.26020711152964393,20,0.1,6.0,1000.0,ok
TONIoT,13,aam_trans_no_gates,ewckd,9,0.5407,-0.3575,6.2442,0.3702,0.16266666666666665,0.11410529101247484,0.04863981626873535,0.18846340889481528,0.11843309536884496,0.07987766136014891,0.12466666666666666,0.06017792355938065,23.565573770491806,0.125,0.06098557396417506,23.36065573770492,0.125,0.05991864236334888,0.12466666666666666,0.05887948039354298,20,0.1,6.0,1000.0,ok
CICIoT,13,aam_trans_no_gates,ewckd,8,0.4405,-0.4232,0.5003,0.4567,0.11733333333333333,0.05673169147919753,0.03425627399913985,0.13580314042496633,0.0395411004678102,0.025458213080037293,0.094,0.029487763138009253,23.011363636363637,0.09366666666666666,0.028310351841313253,23.579545454545457,0.093,0.027844004266005213,0.09966666666666667,0.043683495431222255,20,0.1,6.0,1000.0,ok
CICIoMT,21,aam_trans_no_gates,ewckd,5,0.3696,-0.5754,0.4556,0.5547,0.333,0.2580497574196347,0.16677350427350426,0.333,0.11400180668473352,0.09226775147352033,0.3333333333333333,0.2584342294803339,0.0,0.3333333333333333,0.2584724984661988,0.0,0.3333333333333333,0.2584646130892182,0.3333333333333333,0.25828178280333003,20,0.1,6.0,1000.0,ok
TONIoT,21,aam_trans_no_gates,ewckd,9,0.5448,-0.4279,0.5622,0.4111,0.16433333333333333,0.13795956531201256,0.06477272322710306,0.18676032224039624,0.11879919458173165,0.126398226111644,0.12166666666666667,0.07298777104433568,26.369168356997974,0.122,0.0733544994546911,26.16632860040568,0.122,0.07390698296131015,0.12166666666666667,0.07374639741613741,20,0.1,6.0,1000.0,ok
CICIoT,21,aam_trans_no_gates,ewckd,8,0.4409,-0.4379,0.4790,0.4650,0.12166666666666667,0.08480984233651358,0.04331183543526108,0.1648330403156133,0.03909556694141234,0.03832180137557274,0.10166666666666667,0.06875513796773171,18.904109589041095,0.10133333333333333,0.06740609396083022,19.17808219178082,0.101,0.0674209888790812,0.104,0.07268541661605353,20,0.1,6.0,1000.0,ok
CICIoMT,42,aam_trans_no_gates,ewckd,5,0.3697,-0.7349,0.2251,0.6140,0.3333333333333333,0.2613991855596172,0.16897983158118146,0.3333333333333333,0.11400180668473352,0.09609920757309431,0.3323333333333333,0.2594814442582108,0.3,0.333,0.26073894196607,0.1,0.332,0.2586319127281511,0.3313333333333333,0.25763784850427573,20,0.1,6.0,1000.0,ok
TONIoT,42,aam_trans_no_gates,ewckd,9,0.5462,-0.4239,0.5648,0.4083,0.16666666666666666,0.12583283087486682,0.05541924777697038,0.19010960453704695,0.11751784733662822,0.09742401017389019,0.122,0.058974917809862935,27.200000000000003,0.12233333333333334,0.060708560698026076,27.0,0.12133333333333333,0.05859579138275644,0.12133333333333333,0.059565388374628936,20,0.1,6.0,1000.0,ok
CICIoT,42,aam_trans_no_gates,ewckd,8,0.4206,-0.4952,0.4462,0.5074,0.114,0.10117509674022124,0.05118446829253315,0.16869198468797736,0.03787034974381822,0.051505374763204666,0.089,0.08432907161381392,24.561403508771928,0.08866666666666667,0.08336522719293692,24.853801169590643,0.089,0.08423497372033638,0.091,0.08902619543172935,20,0.1,6.0,1000.0,ok
CICIoMT,1,dnn,noCL,5,0.2698,-0.4663,0.4253,0.5803,0.16666666666666666,0.0,0.04761904761904762,0.16666666666666666,0.05700090334236676,0.0,0.16666666666666666,0.0,0.0,0.16666666666666666,0.0,0.0,0.16666666666666666,0.0,0.16666666666666666,0.0,20,0.1,6.0,1000.0,ok
TONIoT,1,dnn,noCL,9,0.5450,0.0000,1.0000,0.0000,0.103,0.0,0.019236627379873077,0.1,0.10982976386600769,0.0,0.103,0.0,0.0,0.103,0.0,0.0,0.103,0.0,0.103,0.0,20,0.1,6.0,1000.0,ok
CICIoT,1,dnn,noCL,8,0.4478,-0.1187,0.8703,0.1882,0.11666666666666667,0.0,0.024378109452736316,0.1111111111111111,0.03931833370461127,0.0,0.11666666666666667,0.0,0.0,0.11666666666666667,0.0,0.0,0.11666666666666667,0.0,0.11666666666666667,0.0,20,0.1,6.0,1000.0,ok
CICIoMT,7,dnn,noCL,5,0.2698,-0.5755,0.2733,0.6305,0.16666666666666666,0.0,0.04761904761904762,0.16666666666666666,0.05700090334236676,0.0,0.16666666666666666,0.0,0.0,0.16666666666666666,0.0,0.0,0.16666666666666666,0.0,0.16666666666666666,0.0,20,0.1,6.0,1000.0,ok
TONIoT,7,dnn,noCL,9,0.5450,0.0000,1.0000,0.0000,0.10133333333333333,0.0,0.01864729620661824,0.1,0.10982976386600769,0.0,0.10133333333333333,0.0,0.0,0.10133333333333333,0.0,0.0,0.10133333333333333,0.0,0.10133333333333333,0.0,20,0.1,6.0,1000.0,ok
CICIoT,7,dnn,noCL,8,0.4479,-0.1187,0.8703,0.1882,0.11466666666666667,0.0,0.02359170653907496,0.1111111111111111,0.03931833370461127,0.0,0.11466666666666667,0.0,0.0,0.11466666666666667,0.0,0.0,0.11466666666666667,0.0,0.11466666666666667,0.0,20,0.1,6.0,1000.0,ok
CICIoMT,13,dnn,noCL,5,0.2696,-0.4665,0.4251,0.5805,0.16666666666666666,0.0,0.04761904761904762,0.16666666666666666,0.057091237579042456,0.0,0.16666666666666666,0.0,0.0,0.16666666666666666,0.0,0.0,0.16666666666666666,0.0,0.16666666666666666,0.0,20,0.1,6.0,1000.0,ok
TONIoT,13,dnn,noCL,9,0.5450,0.0000,1.0000,0.0000,0.10166666666666667,0.0,0.018764498234997477,0.1,0.10982976386600769,0.0,0.10166666666666667,0.0,0.0,0.10166666666666667,0.0,0.0,0.10166666666666667,0.0,0.10166666666666667,0.0,20,0.1,6.0,1000.0,ok
CICIoT,13,dnn,noCL,8,0.4478,-0.1187,0.8703,0.1882,0.11566666666666667,0.0,0.02398346778209342,0.1111111111111111,0.03931833370461127,0.0,0.11566666666666667,0.0,0.0,0.11566666666666667,0.0,0.0,0.11566666666666667,0.0,0.11566666666666667,0.0,20,0.1,6.0,1000.0,ok
CICIoMT,21,dnn,noCL,5,0.2698,-0.2999,0.6250,0.4707,0.16666666666666666,0.0,0.04761904761904762,0.16666666666666666,0.05700090334236676,0.0,0.16666666666666666,0.0,0.0,0.16666666666666666,0.0,0.0,0.16666666666666666,0.0,0.16666666666666666,0.0,20,0.1,6.0,1000.0,ok
TONIoT,21,dnn,noCL,9,0.5450,0.0000,1.0000,0.0000,0.10433333333333333,0.0,0.019714055740014086,0.1,0.10982976386600769,0.0,0.10433333333333333,0.0,0.0,0.10433333333333333,0.0,0.0,0.10433333333333333,0.0,0.10433333333333333,0.0,20,0.1,6.0,1000.0,ok
CICIoT,21,dnn,noCL,8,0.4479,-0.1187,0.8703,0.1882,0.11566666666666667,0.0,0.02398346778209342,0.1111111111111111,0.03931833370461127,0.0,0.11566666666666667,0.0,0.0,0.11566666666666667,0.0,0.0,0.11566666666666667,0.0,0.11566666666666667,0.0,20,0.1,6.0,1000.0,ok
CICIoMT,42,dnn,noCL,5,0.2697,-0.1501,0.8124,0.3081,0.16666666666666666,0.0,0.04761904761904762,0.16666666666666666,0.057091237579042456,0.0,0.16666666666666666,0.0,0.0,0.16666666666666666,0.0,0.0,0.16666666666666666,0.0,0.16666666666666666,0.0,20,0.1,6.0,1000.0,ok
TONIoT,42,dnn,noCL,9,0.5450,0.0000,1.0000,0.0000,0.10433333333333333,0.0,0.019714055740014086,0.1,0.10982976386600769,0.0,0.10433333333333333,0.0,0.0,0.10433333333333333,0.0,0.0,0.10433333333333333,0.0,0.10433333333333333,0.0,20,0.1,6.0,1000.0,ok
CICIoT,42,dnn,noCL,8,0.4478,-0.1187,0.8703,0.1882,0.113,0.0,0.02294519317160826,0.1111111111111111,0.03931833370461127,0.0003096041884586654,0.113,0.0,0.0,0.113,0.0,0.0,0.113,0.0,0.113,0.0,20,0.1,6.0,1000.0,ok
CICIoMT,1,lstm,noCL,5,0.2698,-0.3491,0.6127,0.5086,0.16666666666666666,0.0,0.04761904761904762,0.16666666666666666,0.05700090334236676,0.0,0.16666666666666666,0.0,0.0,0.16666666666666666,0.0,0.0,0.16666666666666666,0.0,0.16666666666666666,0.0,20,0.1,6.0,1000.0,ok
TONIoT,1,lstm,noCL,9,0.5450,0.0000,1.0000,0.0000,0.103,0.0,0.019236627379873077,0.1,0.10982976386600769,0.0,0.103,0.0,0.0,0.103,0.0,0.0,0.103,0.0,0.103,0.0,20,0.1,6.0,1000.0,ok
CICIoT,1,lstm,noCL,8,0.4478,-0.1187,0.8703,0.1882,0.11666666666666667,0.0,0.024378109452736316,0.1111111111111111,0.03931833370461127,0.0,0.11666666666666667,0.0,0.0,0.11666666666666667,0.0,0.0,0.11666666666666667,0.0,0.11666666666666667,0.0,20,0.1,6.0,1000.0,ok
CICIoMT,7,lstm,noCL,5,0.2698,-0.2999,0.6250,0.4707,0.16666666666666666,0.0,0.04761904761904762,0.16666666666666666,0.05700090334236676,0.0,0.16666666666666666,0.0,0.0,0.16666666666666666,0.0,0.0,0.16666666666666666,0.0,0.16666666666666666,0.0,20,0.1,6.0,1000.0,ok
TONIoT,7,lstm,noCL,9,0.5450,0.0000,1.0000,0.0000,0.10133333333333333,0.0,0.01864729620661824,0.1,0.10982976386600769,0.0,0.10133333333333333,0.0,0.0,0.10133333333333333,0.0,0.0,0.10133333333333333,0.0,0.10133333333333333,0.0,20,0.1,6.0,1000.0,ok
CICIoT,7,lstm,noCL,8,0.4479,-0.1187,0.8703,0.1882,0.11466666666666667,0.0,0.02359170653907496,0.1111111111111111,0.03931833370461127,0.0,0.11466666666666667,0.0,0.0,0.11466666666666667,0.0,0.0,0.11466666666666667,0.0,0.11466666666666667,0.0,20,0.1,6.0,1000.0,ok
CICIoMT,13,lstm,noCL,5,0.2696,0.0000,1.0000,0.0000,0.16666666666666666,0.0,0.04761904761904762,0.16666666666666666,0.057091237579042456,0.0,0.16666666666666666,0.0,0.0,0.16666666666666666,0.0,0.0,0.16666666666666666,0.0,0.16666666666666666,0.0,20,0.1,6.0,1000.0,ok
TONIoT,13,lstm,noCL,9,0.5450,0.0000,1.0000,0.0000,0.10166666666666667,0.0,0.018764498234997477,0.1,0.10982976386600769,0.0,0.10166666666666667,0.0,0.0,0.10166666666666667,0.0,0.0,0.10166666666666667,0.0,0.10166666666666667,0.0,20,0.1,6.0,1000.0,ok
CICIoT,13,lstm,noCL,8,0.4478,-0.0544,0.5846,0.0961,0.11566666666666667,0.0,0.02398346778209342,0.1111111111111111,0.03931833370461127,0.0,0.11566666666666667,0.0,0.0,0.11566666666666667,0.0,0.0,0.11566666666666667,0.0,0.11566666666666667,0.0,20,0.1,6.0,1000.0,ok
CICIoMT,21,lstm,noCL,5,0.2698,-0.2999,0.6250,0.4707,0.16666666666666666,0.0,0.04761904761904762,0.16666666666666666,0.05700090334236676,0.0,0.16666666666666666,0.0,0.0,0.16666666666666666,0.0,0.0,0.16666666666666666,0.0,0.16666666666666666,0.0,20,0.1,6.0,1000.0,ok
TONIoT,21,lstm,noCL,9,0.5450,0.0000,1.0000,0.0000,0.10433333333333333,0.0,0.019714055740014086,0.1,0.10982976386600769,0.0,0.10433333333333333,0.0,0.0,0.10433333333333333,0.0,0.0,0.10433333333333333,0.0,0.10433333333333333,0.0,20,0.1,6.0,1000.0,ok
CICIoT,21,lstm,noCL,8,0.4479,-0.1187,0.8703,0.1882,0.11566666666666667,0.0,0.02398346778209342,0.1111111111111111,0.03931833370461127,0.0,0.11566666666666667,0.0,0.0,0.11566666666666667,0.0,0.0,0.11566666666666667,0.0,0.11566666666666667,0.0,20,0.1,6.0,1000.0,ok
CICIoMT,42,lstm,noCL,5,0.2697,-0.1501,0.8124,0.3081,0.16666666666666666,0.0,0.04761904761904762,0.16666666666666666,0.057091237579042456,0.0,0.16666666666666666,0.0,0.0,0.16666666666666666,0.0,0.0,0.16666666666666666,0.0,0.16666666666666666,0.0,20,0.1,6.0,1000.0,ok
TONIoT,42,lstm,noCL,9,0.5450,0.0000,1.0000,0.0000,0.10433333333333333,0.0,0.019714055740014086,0.1,0.10982976386600769,0.0,0.10433333333333333,0.0,0.0,0.10433333333333333,0.0,0.0,0.10433333333333333,0.0,0.10433333333333333,0.0,20,0.1,6.0,1000.0,ok
CICIoT,42,lstm,noCL,8,0.4478,-0.1187,0.8703,0.1882,0.113,0.0,0.02294519317160826,0.1111111111111111,0.03931833370461127,0.0,0.113,0.0,0.0,0.113,0.0,0.0,0.113,0.0,0.113,0.0,20,0.1,6.0,1000.0,ok
